state,reason,count,rate,rank,label
Alabama,suicide,1647,0.301041857064522,1,"State: Alabama, Rank: 1, count: 1647, rate: 30.1%."
Alabama,armed robbery,479,0.08755254980807896,2,"State: Alabama, Rank: 2, count: 479, rate: 8.76%."
Alabama,officer involved,303,0.05538292816669713,3,"State: Alabama, Rank: 3, count: 303, rate: 5.54%."
Alabama,domestic violence,303,0.05538292816669713,4,"State: Alabama, Rank: 4, count: 303, rate: 5.54%."
Alabama,defensive use,224,0.04094315481630415,5,"State: Alabama, Rank: 5, count: 224, rate: 4.09%."
Alaska,under the influence of alcohol or drugs,287,0.2127501853224611,1,"State: Alaska, Rank: 1, count: 287, rate: 21.28%."
Alaska,suicide,244,0.1808747220163084,2,"State: Alaska, Rank: 2, count: 244, rate: 18.09%."
Alaska,officer involved,115,0.08524833209785027,3,"State: Alaska, Rank: 3, count: 115, rate: 8.52%."
Alaska,domestic violence,113,0.083765752409192,4,"State: Alaska, Rank: 4, count: 113, rate: 8.38%."
Alaska,tsa action,74,0.05485544848035582,5,"State: Alaska, Rank: 5, count: 74, rate: 5.49%."
Arizona,suicide,904,0.38831615120274915,1,"State: Arizona, Rank: 1, count: 904, rate: 38.83%."
Arizona,officer involved,393,0.16881443298969073,2,"State: Arizona, Rank: 2, count: 393, rate: 16.88%."
Arizona,tsa action,187,0.08032646048109966,3,"State: Arizona, Rank: 3, count: 187, rate: 8.03%."
Arizona,domestic violence,142,0.06099656357388316,4,"State: Arizona, Rank: 4, count: 142, rate: 6.1%."
Arizona,accidental shooting,140,0.06013745704467354,5,"State: Arizona, Rank: 5, count: 140, rate: 6.01%."
Arkansas,suicide,655,0.23047149894440536,1,"State: Arkansas, Rank: 1, count: 655, rate: 23.05%."
Arkansas,armed robbery,229,0.08057705840957073,2,"State: Arkansas, Rank: 2, count: 229, rate: 8.06%."
Arkansas,officer involved,179,0.06298381421534131,3,"State: Arkansas, Rank: 3, count: 179, rate: 6.3%."
Arkansas,home invasion,124,0.043631245601688955,4,"State: Arkansas, Rank: 4, count: 124, rate: 4.36%."
Arkansas,accidental shooting,117,0.04116819141449683,5,"State: Arkansas, Rank: 5, count: 117, rate: 4.12%."
California,suicide,4829,0.29614865693609715,1,"State: California, Rank: 1, count: 4829, rate: 29.61%."
California,officer involved,1969,0.12075309701950203,2,"State: California, Rank: 2, count: 1969, rate: 12.08%."
California,gang involvement,1372,0.0841408070648841,3,"State: California, Rank: 3, count: 1372, rate: 8.41%."
California,drive-by,1274,0.07813074941739237,4,"State: California, Rank: 4, count: 1274, rate: 7.81%."
California,under the influence of alcohol or drugs,1204,0.07383785109775542,5,"State: California, Rank: 5, count: 1204, rate: 7.38%."
Colorado,suicide,674,0.2105592002499219,1,"State: Colorado, Rank: 1, count: 674, rate: 21.06%."
Colorado,officer involved,380,0.11871290221805686,2,"State: Colorado, Rank: 2, count: 380, rate: 11.87%."
Colorado,under the influence of alcohol or drugs,315,0.09840674789128398,3,"State: Colorado, Rank: 3, count: 315, rate: 9.84%."
Colorado,drive-by,204,0.06373008434864105,4,"State: Colorado, Rank: 4, count: 204, rate: 6.37%."
Colorado,tsa action,183,0.05716963448922212,5,"State: Colorado, Rank: 5, count: 183, rate: 5.72%."
Connecticut,under the influence of alcohol or drugs,541,0.17639387023149658,1,"State: Connecticut, Rank: 1, count: 541, rate: 17.64%."
Connecticut,suicide,317,0.10335833061623736,2,"State: Connecticut, Rank: 2, count: 317, rate: 10.34%."
Connecticut,armed robbery,248,0.08086077600260841,3,"State: Connecticut, Rank: 3, count: 248, rate: 8.09%."
Connecticut,drive-by,164,0.05347244864688621,4,"State: Connecticut, Rank: 4, count: 164, rate: 5.35%."
Connecticut,officer involved,132,0.04303880013042061,5,"State: Connecticut, Rank: 5, count: 132, rate: 4.3%."
Delaware,under the influence of alcohol or drugs,228,0.13531157270029673,1,"State: Delaware, Rank: 1, count: 228, rate: 13.53%."
Delaware,suicide,203,0.12047477744807121,2,"State: Delaware, Rank: 2, count: 203, rate: 12.05%."
Delaware,armed robbery,196,0.11632047477744807,3,"State: Delaware, Rank: 3, count: 196, rate: 11.63%."
Delaware,home invasion,83,0.04925816023738872,4,"State: Delaware, Rank: 4, count: 83, rate: 4.93%."
Delaware,officer involved,52,0.03086053412462908,5,"State: Delaware, Rank: 5, count: 52, rate: 3.09%."
District of Columbia,armed robbery,452,0.14147104851330203,1,"State: District of Columbia, Rank: 1, count: 452, rate: 14.15%."
District of Columbia,suicide,430,0.13458528951486698,2,"State: District of Columbia, Rank: 2, count: 430, rate: 13.46%."
District of Columbia,car-jacking,160,0.050078247261345854,3,"State: District of Columbia, Rank: 3, count: 160, rate: 5.01%."
District of Columbia,officer involved,74,0.023161189358372455,4,"State: District of Columbia, Rank: 4, count: 74, rate: 2.32%."
District of Columbia,drive-by,48,0.015023474178403756,5,"State: District of Columbia, Rank: 5, count: 48, rate: 1.5%."
Florida,suicide,3207,0.21338745092820546,1,"State: Florida, Rank: 1, count: 3207, rate: 21.34%."
Florida,armed robbery,1304,0.08676558653270344,2,"State: Florida, Rank: 2, count: 1304, rate: 8.68%."
Florida,under the influence of alcohol or drugs,1155,0.0768514205868654,3,"State: Florida, Rank: 3, count: 1155, rate: 7.69%."
Florida,officer involved,1071,0.0712622263623661,4,"State: Florida, Rank: 4, count: 1071, rate: 7.13%."
Florida,drive-by,914,0.060815756204670966,5,"State: Florida, Rank: 5, count: 914, rate: 6.08%."
Georgia,suicide,2131,0.2387675070028011,1,"State: Georgia, Rank: 1, count: 2131, rate: 23.88%."
Georgia,armed robbery,997,0.11170868347338936,2,"State: Georgia, Rank: 2, count: 997, rate: 11.17%."
Georgia,under the influence of alcohol or drugs,654,0.07327731092436975,3,"State: Georgia, Rank: 3, count: 654, rate: 7.33%."
Georgia,officer involved,584,0.06543417366946779,4,"State: Georgia, Rank: 4, count: 584, rate: 6.54%."
Georgia,home invasion,578,0.06476190476190476,5,"State: Georgia, Rank: 5, count: 578, rate: 6.48%."
Hawaii,suicide,56,0.19377162629757785,1,"State: Hawaii, Rank: 1, count: 56, rate: 19.38%."
Hawaii,officer involved,50,0.17301038062283736,2,"State: Hawaii, Rank: 2, count: 50, rate: 17.3%."
Hawaii,armed robbery,24,0.08304498269896193,3,"State: Hawaii, Rank: 3, count: 24, rate: 8.3%."
Hawaii,under the influence of alcohol or drugs,21,0.0726643598615917,4,"State: Hawaii, Rank: 4, count: 21, rate: 7.27%."
Hawaii,domestic violence,17,0.058823529411764705,5,"State: Hawaii, Rank: 5, count: 17, rate: 5.88%."
Idaho,suicide,141,0.21331316187594554,1,"State: Idaho, Rank: 1, count: 141, rate: 21.33%."
Idaho,under the influence of alcohol or drugs,116,0.17549167927382753,2,"State: Idaho, Rank: 2, count: 116, rate: 17.55%."
Idaho,officer involved,104,0.1573373676248109,3,"State: Idaho, Rank: 3, count: 104, rate: 15.73%."
Idaho,accidental shooting,65,0.09833585476550681,4,"State: Idaho, Rank: 4, count: 65, rate: 9.83%."
Idaho,domestic violence,46,0.06959152798789713,5,"State: Idaho, Rank: 5, count: 46, rate: 6.96%."
Illinois,suicide,3175,0.18084985190248348,1,"State: Illinois, Rank: 1, count: 3175, rate: 18.08%."
Illinois,drive-by,2383,0.13573706994759627,2,"State: Illinois, Rank: 2, count: 2383, rate: 13.57%."
Illinois,gang involvement,1679,0.09563681932102985,3,"State: Illinois, Rank: 3, count: 1679, rate: 9.56%."
Illinois,officer involved,1065,0.06066302118933698,4,"State: Illinois, Rank: 4, count: 1065, rate: 6.07%."
Illinois,armed robbery,1041,0.059295967190704034,5,"State: Illinois, Rank: 5, count: 1041, rate: 5.93%."
Indiana,suicide,1410,0.24094326725905674,1,"State: Indiana, Rank: 1, count: 1410, rate: 24.09%."
Indiana,officer involved,726,0.12406015037593984,2,"State: Indiana, Rank: 2, count: 726, rate: 12.41%."
Indiana,under the influence of alcohol or drugs,658,0.11244019138755981,3,"State: Indiana, Rank: 3, count: 658, rate: 11.24%."
Indiana,armed robbery,624,0.10663021189336978,4,"State: Indiana, Rank: 4, count: 624, rate: 10.66%."
Indiana,domestic violence,416,0.0710868079289132,5,"State: Indiana, Rank: 5, count: 416, rate: 7.11%."
Iowa,under the influence of alcohol or drugs,320,0.12713547874453715,1,"State: Iowa, Rank: 1, count: 320, rate: 12.71%."
Iowa,suicide,271,0.10766785856177989,2,"State: Iowa, Rank: 2, count: 271, rate: 10.77%."
Iowa,armed robbery,172,0.06833531982518871,3,"State: Iowa, Rank: 3, count: 172, rate: 6.83%."
Iowa,drive-by,167,0.06634882796980532,4,"State: Iowa, Rank: 4, count: 167, rate: 6.63%."
Iowa,officer involved,152,0.060389352403655144,5,"State: Iowa, Rank: 5, count: 152, rate: 6.04%."
Kansas,suicide,479,0.2233100233100233,1,"State: Kansas, Rank: 1, count: 479, rate: 22.33%."
Kansas,drive-by,195,0.09090909090909091,2,"State: Kansas, Rank: 2, count: 195, rate: 9.09%."
Kansas,officer involved,188,0.08764568764568764,3,"State: Kansas, Rank: 3, count: 188, rate: 8.76%."
Kansas,under the influence of alcohol or drugs,174,0.08111888111888112,4,"State: Kansas, Rank: 4, count: 174, rate: 8.11%."
Kansas,armed robbery,143,0.06666666666666667,5,"State: Kansas, Rank: 5, count: 143, rate: 6.67%."
Kentucky,suicide,890,0.21409670435410152,1,"State: Kentucky, Rank: 1, count: 890, rate: 21.41%."
Kentucky,armed robbery,389,0.09357709886937696,2,"State: Kentucky, Rank: 2, count: 389, rate: 9.36%."
Kentucky,under the influence of alcohol or drugs,348,0.0837142169834015,3,"State: Kentucky, Rank: 3, count: 348, rate: 8.37%."
Kentucky,officer involved,316,0.07601635795044503,4,"State: Kentucky, Rank: 4, count: 316, rate: 7.6%."
Kentucky,domestic violence,283,0.06807794082270868,5,"State: Kentucky, Rank: 5, count: 283, rate: 6.81%."
Louisiana,suicide,1920,0.23694927804516847,1,"State: Louisiana, Rank: 1, count: 1920, rate: 23.69%."
Louisiana,armed robbery,837,0.10329507589781563,2,"State: Louisiana, Rank: 2, count: 837, rate: 10.33%."
Louisiana,under the influence of alcohol or drugs,501,0.061828952239911146,3,"State: Louisiana, Rank: 3, count: 501, rate: 6.18%."
Louisiana,car-jacking,450,0.055534987041836355,4,"State: Louisiana, Rank: 4, count: 450, rate: 5.55%."
Louisiana,officer involved,395,0.048747377514500805,5,"State: Louisiana, Rank: 5, count: 395, rate: 4.87%."
Maine,under the influence of alcohol or drugs,167,0.18412348401323042,1,"State: Maine, Rank: 1, count: 167, rate: 18.41%."
Maine,officer involved,118,0.13009922822491732,2,"State: Maine, Rank: 2, count: 118, rate: 13.01%."
Maine,domestic violence,113,0.12458654906284454,3,"State: Maine, Rank: 3, count: 113, rate: 12.46%."
Maine,suicide,90,0.09922822491730982,4,"State: Maine, Rank: 4, count: 90, rate: 9.92%."
Maine,home invasion,55,0.06063947078280044,5,"State: Maine, Rank: 5, count: 55, rate: 6.06%."
Maryland,suicide,1501,0.258882373232149,1,"State: Maryland, Rank: 1, count: 1501, rate: 25.89%."
Maryland,under the influence of alcohol or drugs,621,0.10710589858571921,2,"State: Maryland, Rank: 2, count: 621, rate: 10.71%."
Maryland,armed robbery,371,0.06398758192480165,3,"State: Maryland, Rank: 3, count: 371, rate: 6.4%."
Maryland,officer involved,220,0.03794411866160745,4,"State: Maryland, Rank: 4, count: 220, rate: 3.79%."
Maryland,home invasion,105,0.018109692997585376,5,"State: Maryland, Rank: 5, count: 105, rate: 1.81%."
Massachusetts,under the influence of alcohol or drugs,1062,0.17756228055509113,1,"State: Massachusetts, Rank: 1, count: 1062, rate: 17.76%."
Massachusetts,suicide,453,0.0757398428356462,2,"State: Massachusetts, Rank: 2, count: 453, rate: 7.57%."
Massachusetts,armed robbery,327,0.054673131583347266,3,"State: Massachusetts, Rank: 3, count: 327, rate: 5.47%."
Massachusetts,drive-by,315,0.05266677813074737,4,"State: Massachusetts, Rank: 4, count: 315, rate: 5.27%."
Massachusetts,home invasion,285,0.047650894499247615,5,"State: Massachusetts, Rank: 5, count: 285, rate: 4.77%."
Michigan,suicide,1398,0.22783572359843546,1,"State: Michigan, Rank: 1, count: 1398, rate: 22.78%."
Michigan,armed robbery,622,0.10136897001303781,2,"State: Michigan, Rank: 2, count: 622, rate: 10.14%."
Michigan,officer involved,484,0.0788787483702738,3,"State: Michigan, Rank: 3, count: 484, rate: 7.89%."
Michigan,under the influence of alcohol or drugs,433,0.07056714471968709,4,"State: Michigan, Rank: 4, count: 433, rate: 7.06%."
Michigan,domestic violence,383,0.06241851368970013,5,"State: Michigan, Rank: 5, count: 383, rate: 6.24%."
Minnesota,suicide,384,0.15946843853820597,1,"State: Minnesota, Rank: 1, count: 384, rate: 15.95%."
Minnesota,under the influence of alcohol or drugs,242,0.1004983388704319,2,"State: Minnesota, Rank: 2, count: 242, rate: 10.05%."
Minnesota,officer involved,184,0.07641196013289037,3,"State: Minnesota, Rank: 3, count: 184, rate: 7.64%."
Minnesota,armed robbery,164,0.0681063122923588,4,"State: Minnesota, Rank: 4, count: 164, rate: 6.81%."
Minnesota,drive-by,138,0.057308970099667775,5,"State: Minnesota, Rank: 5, count: 138, rate: 5.73%."
Mississippi,suicide,1045,0.2903584328980272,1,"State: Mississippi, Rank: 1, count: 1045, rate: 29.04%."
Mississippi,armed robbery,279,0.0775215337593776,2,"State: Mississippi, Rank: 2, count: 279, rate: 7.75%."
Mississippi,officer involved,201,0.0558488469019172,3,"State: Mississippi, Rank: 3, count: 201, rate: 5.58%."
Mississippi,domestic violence,158,0.04390108363434287,4,"State: Mississippi, Rank: 4, count: 158, rate: 4.39%."
Mississippi,accidental shooting,144,0.04001111419838844,5,"State: Mississippi, Rank: 5, count: 144, rate: 4.0%."
Missouri,suicide,1877,0.28306439451063187,1,"State: Missouri, Rank: 1, count: 1877, rate: 28.31%."
Missouri,drive-by,581,0.08761876036796863,2,"State: Missouri, Rank: 2, count: 581, rate: 8.76%."
Missouri,under the influence of alcohol or drugs,520,0.07841954456341427,3,"State: Missouri, Rank: 3, count: 520, rate: 7.84%."
Missouri,officer involved,483,0.0728396923540944,4,"State: Missouri, Rank: 4, count: 483, rate: 7.28%."
Missouri,armed robbery,439,0.06620419242949781,5,"State: Missouri, Rank: 5, count: 439, rate: 6.62%."
Montana,suicide,107,0.1677115987460815,1,"State: Montana, Rank: 1, count: 107, rate: 16.77%."
Montana,under the influence of alcohol or drugs,92,0.14420062695924765,2,"State: Montana, Rank: 2, count: 92, rate: 14.42%."
Montana,officer involved,73,0.11442006269592477,3,"State: Montana, Rank: 3, count: 73, rate: 11.44%."
Montana,domestic violence,64,0.10031347962382445,4,"State: Montana, Rank: 4, count: 64, rate: 10.03%."
Montana,accidental shooting,52,0.08150470219435736,5,"State: Montana, Rank: 5, count: 52, rate: 8.15%."
Nebraska,suicide,210,0.12719563900666264,1,"State: Nebraska, Rank: 1, count: 210, rate: 12.72%."
Nebraska,under the influence of alcohol or drugs,177,0.10720775287704422,2,"State: Nebraska, Rank: 2, count: 177, rate: 10.72%."
Nebraska,armed robbery,151,0.09145972138098123,3,"State: Nebraska, Rank: 3, count: 151, rate: 9.15%."
Nebraska,drive-by,137,0.08298001211387038,4,"State: Nebraska, Rank: 4, count: 137, rate: 8.3%."
Nebraska,home invasion,104,0.06299212598425197,5,"State: Nebraska, Rank: 5, count: 104, rate: 6.3%."
Nevada,suicide,678,0.3473360655737705,1,"State: Nevada, Rank: 1, count: 678, rate: 34.73%."
Nevada,officer involved,232,0.11885245901639344,2,"State: Nevada, Rank: 2, count: 232, rate: 11.89%."
Nevada,armed robbery,161,0.08247950819672131,3,"State: Nevada, Rank: 3, count: 161, rate: 8.25%."
Nevada,domestic violence,130,0.06659836065573771,4,"State: Nevada, Rank: 4, count: 130, rate: 6.66%."
Nevada,defensive use,118,0.060450819672131145,5,"State: Nevada, Rank: 5, count: 118, rate: 6.05%."
New Hampshire,under the influence of alcohol or drugs,173,0.17946058091286307,1,"State: New Hampshire, Rank: 1, count: 173, rate: 17.95%."
New Hampshire,officer involved,105,0.10892116182572614,2,"State: New Hampshire, Rank: 2, count: 105, rate: 10.89%."
New Hampshire,suicide,93,0.09647302904564316,3,"State: New Hampshire, Rank: 3, count: 93, rate: 9.65%."
New Hampshire,armed robbery,65,0.06742738589211618,4,"State: New Hampshire, Rank: 4, count: 65, rate: 6.74%."
New Hampshire,domestic violence,64,0.06639004149377593,5,"State: New Hampshire, Rank: 5, count: 64, rate: 6.64%."
New Jersey,suicide,1072,0.1989975867829961,1,"State: New Jersey, Rank: 1, count: 1072, rate: 19.9%."
New Jersey,under the influence of alcohol or drugs,722,0.13402635975496566,2,"State: New Jersey, Rank: 2, count: 722, rate: 13.4%."
New Jersey,armed robbery,454,0.08427696305921663,3,"State: New Jersey, Rank: 3, count: 454, rate: 8.43%."
New Jersey,officer involved,254,0.04715054761462781,4,"State: New Jersey, Rank: 4, count: 254, rate: 4.72%."
New Jersey,drive-by,157,0.02914423612400223,5,"State: New Jersey, Rank: 5, count: 157, rate: 2.91%."
New Mexico,suicide,400,0.24316109422492402,1,"State: New Mexico, Rank: 1, count: 400, rate: 24.32%."
New Mexico,officer involved,273,0.16595744680851063,2,"State: New Mexico, Rank: 2, count: 273, rate: 16.6%."
New Mexico,under the influence of alcohol or drugs,151,0.09179331306990882,3,"State: New Mexico, Rank: 3, count: 151, rate: 9.18%."
New Mexico,domestic violence,99,0.06018237082066869,4,"State: New Mexico, Rank: 4, count: 99, rate: 6.02%."
New Mexico,armed robbery,93,0.056534954407294835,5,"State: New Mexico, Rank: 5, count: 93, rate: 5.65%."
New York,suicide,1531,0.15764003294892917,1,"State: New York, Rank: 1, count: 1531, rate: 15.76%."
New York,under the influence of alcohol or drugs,1155,0.11892504118616146,2,"State: New York, Rank: 2, count: 1155, rate: 11.89%."
New York,armed robbery,713,0.07341433278418451,3,"State: New York, Rank: 3, count: 713, rate: 7.34%."
New York,officer involved,485,0.04993822075782537,4,"State: New York, Rank: 4, count: 485, rate: 4.99%."
New York,home invasion,420,0.04324546952224053,5,"State: New York, Rank: 5, count: 420, rate: 4.32%."
North Carolina,suicide,1963,0.22462524316283328,1,"State: North Carolina, Rank: 1, count: 1963, rate: 22.46%."
North Carolina,armed robbery,894,0.10230003432887058,2,"State: North Carolina, Rank: 2, count: 894, rate: 10.23%."
North Carolina,home invasion,558,0.06385169927909372,3,"State: North Carolina, Rank: 3, count: 558, rate: 6.39%."
North Carolina,under the influence of alcohol or drugs,423,0.04840370751802266,4,"State: North Carolina, Rank: 4, count: 423, rate: 4.84%."
North Carolina,domestic violence,422,0.04828927794942213,5,"State: North Carolina, Rank: 5, count: 422, rate: 4.83%."
North Dakota,under the influence of alcohol or drugs,100,0.17452006980802792,1,"State: North Dakota, Rank: 1, count: 100, rate: 17.45%."
North Dakota,suicide,63,0.1099476439790576,2,"State: North Dakota, Rank: 2, count: 63, rate: 10.99%."
North Dakota,accidental shooting,62,0.1082024432809773,3,"State: North Dakota, Rank: 3, count: 62, rate: 10.82%."
North Dakota,officer involved,56,0.09773123909249563,4,"State: North Dakota, Rank: 4, count: 56, rate: 9.77%."
North Dakota,home invasion,29,0.0506108202443281,5,"State: North Dakota, Rank: 5, count: 29, rate: 5.06%."
Ohio,suicide,2206,0.21534556813744632,1,"State: Ohio, Rank: 1, count: 2206, rate: 21.53%."
Ohio,armed robbery,1141,0.11138227254978524,2,"State: Ohio, Rank: 2, count: 1141, rate: 11.14%."
Ohio,officer involved,974,0.0950800468566966,3,"State: Ohio, Rank: 3, count: 974, rate: 9.51%."
Ohio,under the influence of alcohol or drugs,922,0.09000390472471691,4,"State: Ohio, Rank: 4, count: 922, rate: 9.0%."
Ohio,domestic violence,616,0.06013276064037485,5,"State: Ohio, Rank: 5, count: 616, rate: 6.01%."
Oklahoma,suicide,806,0.2332850940665702,1,"State: Oklahoma, Rank: 1, count: 806, rate: 23.33%."
Oklahoma,officer involved,358,0.1036179450072359,2,"State: Oklahoma, Rank: 2, count: 358, rate: 10.36%."
Oklahoma,under the influence of alcohol or drugs,343,0.09927641099855282,3,"State: Oklahoma, Rank: 3, count: 343, rate: 9.93%."
Oklahoma,armed robbery,338,0.09782923299565846,4,"State: Oklahoma, Rank: 4, count: 338, rate: 9.78%."
Oklahoma,home invasion,300,0.08683068017366136,5,"State: Oklahoma, Rank: 5, count: 300, rate: 8.68%."
Oregon,suicide,363,0.15879265091863518,1,"State: Oregon, Rank: 1, count: 363, rate: 15.88%."
Oregon,under the influence of alcohol or drugs,306,0.13385826771653545,2,"State: Oregon, Rank: 2, count: 306, rate: 13.39%."
Oregon,gang involvement,305,0.13342082239720035,3,"State: Oregon, Rank: 3, count: 305, rate: 13.34%."
Oregon,officer involved,227,0.09930008748906387,4,"State: Oregon, Rank: 4, count: 227, rate: 9.93%."
Oregon,domestic violence,143,0.06255468066491689,5,"State: Oregon, Rank: 5, count: 143, rate: 6.26%."
Pennsylvania,suicide,2047,0.2292529958561989,1,"State: Pennsylvania, Rank: 1, count: 2047, rate: 22.93%."
Pennsylvania,under the influence of alcohol or drugs,751,0.08410796281778475,2,"State: Pennsylvania, Rank: 2, count: 751, rate: 8.41%."
Pennsylvania,armed robbery,625,0.06999664016127226,3,"State: Pennsylvania, Rank: 3, count: 625, rate: 7.0%."
Pennsylvania,officer involved,576,0.06450890357262852,4,"State: Pennsylvania, Rank: 4, count: 576, rate: 6.45%."
Pennsylvania,domestic violence,444,0.04972561317056781,5,"State: Pennsylvania, Rank: 5, count: 444, rate: 4.97%."
Rhode Island,under the influence of alcohol or drugs,154,0.17206703910614526,1,"State: Rhode Island, Rank: 1, count: 154, rate: 17.21%."
Rhode Island,drive-by,88,0.09832402234636871,2,"State: Rhode Island, Rank: 2, count: 88, rate: 9.83%."
Rhode Island,gang involvement,62,0.06927374301675977,3,"State: Rhode Island, Rank: 3, count: 62, rate: 6.93%."
Rhode Island,suicide,59,0.0659217877094972,4,"State: Rhode Island, Rank: 4, count: 59, rate: 6.59%."
Rhode Island,armed robbery,56,0.06256983240223464,5,"State: Rhode Island, Rank: 5, count: 56, rate: 6.26%."
South Carolina,suicide,1440,0.20752269779507135,1,"State: South Carolina, Rank: 1, count: 1440, rate: 20.75%."
South Carolina,armed robbery,636,0.09165585819282317,2,"State: South Carolina, Rank: 2, count: 636, rate: 9.17%."
South Carolina,under the influence of alcohol or drugs,519,0.07479463899697363,3,"State: South Carolina, Rank: 3, count: 519, rate: 7.48%."
South Carolina,home invasion,411,0.059230436662343275,4,"State: South Carolina, Rank: 4, count: 411, rate: 5.92%."
South Carolina,domestic violence,368,0.053033578325407116,5,"State: South Carolina, Rank: 5, count: 368, rate: 5.3%."
South Dakota,under the influence of alcohol or drugs,114,0.20955882352941177,1,"State: South Dakota, Rank: 1, count: 114, rate: 20.96%."
South Dakota,suicide,78,0.14338235294117646,2,"State: South Dakota, Rank: 2, count: 78, rate: 14.34%."
South Dakota,officer involved,57,0.10477941176470588,3,"State: South Dakota, Rank: 3, count: 57, rate: 10.48%."
South Dakota,accidental shooting,55,0.10110294117647059,4,"State: South Dakota, Rank: 4, count: 55, rate: 10.11%."
South Dakota,armed robbery,26,0.04779411764705882,5,"State: South Dakota, Rank: 5, count: 26, rate: 4.78%."
Tennessee,suicide,1647,0.21597167584579072,1,"State: Tennessee, Rank: 1, count: 1647, rate: 21.6%."
Tennessee,armed robbery,655,0.08589037503278259,2,"State: Tennessee, Rank: 2, count: 655, rate: 8.59%."
Tennessee,under the influence of alcohol or drugs,494,0.06477838971938106,3,"State: Tennessee, Rank: 3, count: 494, rate: 6.48%."
Tennessee,drive-by,485,0.06359821662732756,4,"State: Tennessee, Rank: 4, count: 485, rate: 6.36%."
Tennessee,domestic violence,483,0.06333595594020457,5,"State: Tennessee, Rank: 5, count: 483, rate: 6.33%."
Texas,suicide,4126,0.30389629520512634,1,"State: Texas, Rank: 1, count: 4126, rate: 30.39%."
Texas,armed robbery,1496,0.11018634455328866,2,"State: Texas, Rank: 2, count: 1496, rate: 11.02%."
Texas,officer involved,1432,0.1054724902408485,3,"State: Texas, Rank: 3, count: 1432, rate: 10.55%."
Texas,under the influence of alcohol or drugs,970,0.07144435442292112,4,"State: Texas, Rank: 4, count: 970, rate: 7.14%."
Texas,tsa action,944,0.0695293511084923,5,"State: Texas, Rank: 5, count: 944, rate: 6.95%."
Utah,suicide,227,0.21175373134328357,1,"State: Utah, Rank: 1, count: 227, rate: 21.18%."
Utah,under the influence of alcohol or drugs,153,0.14272388059701493,2,"State: Utah, Rank: 2, count: 153, rate: 14.27%."
Utah,officer involved,146,0.13619402985074627,3,"State: Utah, Rank: 3, count: 146, rate: 13.62%."
Utah,tsa action,99,0.09235074626865672,4,"State: Utah, Rank: 4, count: 99, rate: 9.24%."
Utah,drive-by,94,0.08768656716417911,5,"State: Utah, Rank: 5, count: 94, rate: 8.77%."
Vermont,under the influence of alcohol or drugs,88,0.1864406779661017,1,"State: Vermont, Rank: 1, count: 88, rate: 18.64%."
Vermont,suicide,53,0.11228813559322035,2,"State: Vermont, Rank: 2, count: 53, rate: 11.23%."
Vermont,domestic violence,42,0.08898305084745763,3,"State: Vermont, Rank: 3, count: 42, rate: 8.9%."
Vermont,armed robbery,41,0.08686440677966102,4,"State: Vermont, Rank: 4, count: 41, rate: 8.69%."
Vermont,officer involved,37,0.07838983050847458,5,"State: Vermont, Rank: 5, count: 37, rate: 7.84%."
Virginia,suicide,1270,0.21348125735417717,1,"State: Virginia, Rank: 1, count: 1270, rate: 21.35%."
Virginia,armed robbery,546,0.09178013111447302,2,"State: Virginia, Rank: 2, count: 546, rate: 9.18%."
Virginia,officer involved,353,0.059337703815767355,3,"State: Virginia, Rank: 3, count: 353, rate: 5.93%."
Virginia,home invasion,283,0.047571020339552864,4,"State: Virginia, Rank: 4, count: 283, rate: 4.76%."
Virginia,domestic violence,274,0.04605816103546814,5,"State: Virginia, Rank: 5, count: 274, rate: 4.61%."
Washington,suicide,706,0.20559114735002912,1,"State: Washington, Rank: 1, count: 706, rate: 20.56%."
Washington,under the influence of alcohol or drugs,442,0.12871287128712872,2,"State: Washington, Rank: 2, count: 442, rate: 12.87%."
Washington,officer involved,404,0.11764705882352941,3,"State: Washington, Rank: 3, count: 404, rate: 11.76%."
Washington,drive-by,359,0.10454280722189865,4,"State: Washington, Rank: 4, count: 359, rate: 10.45%."
Washington,domestic violence,250,0.0728013977868375,5,"State: Washington, Rank: 5, count: 250, rate: 7.28%."
West Virginia,suicide,294,0.18666666666666668,1,"State: West Virginia, Rank: 1, count: 294, rate: 18.67%."
West Virginia,under the influence of alcohol or drugs,192,0.1219047619047619,2,"State: West Virginia, Rank: 2, count: 192, rate: 12.19%."
West Virginia,domestic violence,155,0.09841269841269841,3,"State: West Virginia, Rank: 3, count: 155, rate: 9.84%."
West Virginia,officer involved,134,0.08507936507936507,4,"State: West Virginia, Rank: 4, count: 134, rate: 8.51%."
West Virginia,armed robbery,123,0.07809523809523809,5,"State: West Virginia, Rank: 5, count: 123, rate: 7.81%."
Wisconsin,suicide,765,0.15980781282640485,1,"State: Wisconsin, Rank: 1, count: 765, rate: 15.98%."
Wisconsin,armed robbery,505,0.10549404637560059,2,"State: Wisconsin, Rank: 2, count: 505, rate: 10.55%."
Wisconsin,under the influence of alcohol or drugs,437,0.09128890745769794,3,"State: Wisconsin, Rank: 3, count: 437, rate: 9.13%."
Wisconsin,officer involved,286,0.05974514309588469,4,"State: Wisconsin, Rank: 4, count: 286, rate: 5.97%."
Wisconsin,drive-by,226,0.04721119699185294,5,"State: Wisconsin, Rank: 5, count: 226, rate: 4.72%."
Wyoming,suicide,58,0.11740890688259109,1,"State: Wyoming, Rank: 1, count: 58, rate: 11.74%."
Wyoming,under the influence of alcohol or drugs,34,0.06882591093117409,2,"State: Wyoming, Rank: 2, count: 34, rate: 6.88%."
Wyoming,officer involved,31,0.06275303643724696,3,"State: Wyoming, Rank: 3, count: 31, rate: 6.28%."
Wyoming,accidental shooting,24,0.048582995951417005,4,"State: Wyoming, Rank: 4, count: 24, rate: 4.86%."
Wyoming,domestic violence,24,0.048582995951417005,5,"State: Wyoming, Rank: 5, count: 24, rate: 4.86%."
